Q_id,prompt,answer_index,body,classes,source_dataset,front,binarized,no_prompt
1,"I like mechanics magazines.",0,0,"[' True', ' False']",mmpi,1,1,1
2,"I have a good appetite.",0,1,"[' True', ' False']",mmpi,1,1,1
3,"I wake up fresh and rested most mornings.",0,1,"[' True', ' False']",mmpi,1,1,1
4,"I think I would enjoy the work of a librarian.",0,0,"[' True', ' False']",mmpi,1,1,1
5,"I am easily awakened by noise.",1,1,"[' True', ' False']",mmpi,1,1,1
6,"My father is a good man (or if your father is dead) my father was a good man.",0,1,"[' True', ' False']",mmpi,1,1,1
7,"I like to read newspaper articles on crime.",1,0,"[' True', ' False']",mmpi,1,1,1
8,"My hands and feet are usually warm enough.",0,1,"[' True', ' False']",mmpi,1,1,1
9,"My daily life is full of things that keep me interested.",0,0,"[' True', ' False']",mmpi,1,1,1
10,"I am about as able to work as I ever was.",0,0,"[' True', ' False']",mmpi,1,1,1
11,"There seems to be a lump in my throat much of the time.",1,1,"[' True', ' False']",mmpi,1,1,1
12,"My sex life is satisfactory.",0,1,"[' True', ' False']",mmpi,1,1,1
13,"People should try to understand their dreams and be guided by or take warning from them.",0,0,"[' True', ' False']",mmpi,1,1,1
14,"I enjoy detective or mystery stories.",0,0,"[' True', ' False']",mmpi,1,1,1
15,"I work under a great deal of tension.",1,0,"[' True', ' False']",mmpi,1,1,1
16,"Once in a while I think of things too bad to talk about.",1,0,"[' True', ' False']",mmpi,1,1,1
17,"I am sure I get a raw deal from life.",1,0,"[' True', ' False']",mmpi,1,1,1
18,"I am troubled by attacks of nausea and vomiting.",1,1,"[' True', ' False']",mmpi,1,1,1
19,"When I take a new job, I like to find out whom it is important to be nice to.",1,0,"[' True', ' False']",mmpi,1,1,1
20,"I am very seldom bothered by constipation.",0,1,"[' True', ' False']",mmpi,1,1,1
21,"At times I have very much wanted to leave home.",0,1,"[' True', ' False']",mmpi,1,1,1
22,"No one seems to understand me.",1,0,"[' True', ' False']",mmpi,1,1,1
23,"At times I have fits of laughing and crying that I cannot control.",1,0,"[' True', ' False']",mmpi,1,1,1
24,"Evil spirits possess me at times.",1,0,"[' True', ' False']",mmpi,1,1,1
25,"I would like to be a singer.",0,0,"[' True', ' False']",mmpi,1,1,1
26,"I feel that it is certainly best to keep my mouth shut when I am in trouble.",0,1,"[' True', ' False']",mmpi,1,1,1
27,"When people do me wrong, I feel I should pay them back, just for the principle of the thing.",1,0,"[' True', ' False']",mmpi,1,1,1
28,"I am bothered by an upset stomach several times a week.",1,1,"[' True', ' False']",mmpi,1,1,1
29,"At times I feel like swearing.",1,0,"[' True', ' False']",mmpi,1,1,1
30,"I have nightmares every few nights.",1,0,"[' True', ' False']",mmpi,1,1,1
31,"I find it hard to keep my mind on a task or job.",1,0,"[' True', ' False']",mmpi,1,1,1
32,"I have had very peculiar and strange experiences.",1,0,"[' True', ' False']",mmpi,1,1,1
33,"I seldom worry about my health.",0,0,"[' True', ' False']",mmpi,1,1,1
34,"I have never been in trouble because of my sexual behavior.",0,0,"[' True', '
False']",mmpi,1,1,1
35,"Sometimes when I was young I stole things.",1,0,"[' True', ' False']",mmpi,1,1,1
36,"I have a cough most of the time.",1,1,"[' True', ' False']",mmpi,1,1,1
37,"At times I feel like smashing things.",1,0,"[' True', ' False']",mmpi,1,1,1
38,"I have had periods of days, weeks, or months when I couldn’t take care of things because I couldn’t “get going”.",1,0,"[' True', ' False']",mmpi,1,1,1
39,"My sleep is fitful and disturbed.",1,1,"[' True', ' False']",mmpi,1,1,1
40,"Much of the time, my head seems to hurt all over.",1,1,"[' True', ' False']",mmpi,1,1,1
41,"I do not always tell the truth.",1,0,"[' True', ' False']",mmpi,1,1,1
42,"If people had not had it in for me, I would have been much more successful.",1,0,"[' True', ' False']",mmpi,1,1,1
43,"My judgment is better than it ever was.",0,0,"[' True', ' False']",mmpi,1,1,1
44,"Once a week (or more often) I suddenly feel hot all over, for no reason.",1,1,"[' True', ' False']",mmpi,1,1,1
45,"I am in just as good physical health as most of my friends.",0,0,"[' True', '
False']",mmpi,1,1,1
46,"I prefer to pass by school friends, or people I know but have not seen for a long time, unless they speak to me first.",0,0,"[' True', ' False']",mmpi,1,1,1
47,"I am almost never bothered by pains over my heart or in my chest.",0,1,"[' True', ' False']",mmpi,1,1,1
48,"Most anytime I would rather sit and daydream than do anything else.",1,0,"[' True', ' False']",mmpi,1,1,1
49,"I am a very sociable person.",0,0,"[' True', ' False']",mmpi,1,1,1
50,"I have often had to take orders from someone who did not know as much as I did.",1,0,"[' True', ' False']",mmpi,1,1,1
51,"I do not read every editorial in the newspaper every day.",0,0,"[' True', ' False']",mmpi,1,1,1
52,"I have not lived the right kind of life.",1,0,"[' True', ' False']",mmpi,1,1,1
53,"Parts of my body often have feelings like burning, tingling, crawling, or like “going to sleep”.",1,1,"[' True', ' False']",mmpi,1,1,1
54,"My family does not like the work I have chosen (or the work I intend to choose for my lifework).",0,0,"[' True', ' False']",mmpi,1,1,1
55,"I sometimes keep on at a thing until others lose their patience with me.",1,0,"[' True', ' False']",mmpi,1,1,1
56,"I wish I could be as happy as others seem to be.",1,0,"[' True', ' False']",mmpi,1,1,1
57,"I hardly ever feel pain in the back of my neck.",0,1,"[' True', ' False']",mmpi,1,1,1
58,"I think a great many people exaggerate their misfortunes in order to gain the sympathy and help of others.",1,0,"[' True', ' False']",mmpi,1,1,1
59,"I am troubled by discomfort in the pit of my stomach every few days or so.",1,1,"[' True', ' False']",mmpi,1,1,1
60,"When I am with people I am bothered by hearing very strange things.",1,0,"[' True', ' False']",mmpi,1,1,1
61,"I am an important person.",0,0,"[' True', ' False']",mmpi,1,1,1
62,"I have often wished I were a girl. (or if you are a girl) I have never been sorry that I am a girl.",1,0,"[' True', ' False']",mmpi,1,1,1
63,"My feelings are not easily hurt.",0,0,"[' True', ' False']",mmpi,1,1,1
64,"I enjoy reading love stories.",0,0,"[' True', ' False']",mmpi,1,1,1
65,"Most of the time I feel blue.",1,0,"[' True', ' False']",mmpi,1,1,1
66,"It would be better if almost all laws were thrown away.",1,0,"[' True', ' False']",mmpi,1,1,1
67,"I like poetry.",0,0,"[' True', ' False']",mmpi,1,1,1
68,"I sometimes tease animals.",1,0,"[' True', ' False']",mmpi,1,1,1
69,"I think I would like the kind of work a forest ranger does.",0,0,"[' True', '
False']",mmpi,1,1,1
70,"I am easily downed in an argument.",1,0,"[' True', ' False']",mmpi,1,1,1
71,"These days I find it hard not to give up hope of amounting to something.",1,0,"[' True', ' False']",mmpi,1,1,1
72,"My soul sometimes leaves my body.",1,1,"[' True', ' False']",mmpi,1,1,1
73,"I am certainly lacking in self-confidence.",1,0,"[' True', ' False']",mmpi,1,1,1
74,"I would like to be a florist.",0,0,"[' True', ' False']",mmpi,1,1,1
75,"I usually feel that life is worthwhile.",0,0,"[' True', ' False']",mmpi,1,1,1
76,"It takes a lot of argument to convince most people of the truth.",1,0,"[' True', ' False']",mmpi,1,1,1
77,"Once in a while I put off until tomorrow what I ought to do today.",1,0,"[' True', ' False']",mmpi,1,1,1
78,"Most people that know me like me.",0,0,"[' True', ' False']",mmpi,1,1,1
79,"I do not mind being made fun of.",0,0,"[' True', ' False']",mmpi,1,1,1
80,"I would like to be a nurse.",0,0,"[' True', ' False']",mmpi,1,1,1
81,"I think most people would lie to get ahead.",1,0,"[' True', ' False']",mmpi,1,1,1
82,"I do many things that I regret afterwards. (I regret things more than others seem to.)",1,0,"[' True', ' False']",mmpi,1,1,1
83,"I have very few quarrels with members of my family.",0,0,"[' True', ' False']",mmpi,1,1,1
84,"I was suspended from school one or more times for bad behavior.",1,1,"[' True', ' False']",mmpi,1,1,1
85,"At times, I have a strong urge to do something harmful or shocking.",1,0,"[' True', ' False']",mmpi,1,1,1
86,"I like to go to parties and other affairs where there is a lot of loud fun.",0,0,"[' True', ' False']",mmpi,1,1,1
87,"I have met problems so full of possibilities that I have been unable to make up my mind about them.",1,0,"[' True', ' False']",mmpi,1,1,1
88,"I believe that women ought to have as much sexual freedom as men.",0,0,"[' True', ' False']",mmpi,1,1,1
89,"My hardest battles are with myself.",0,0,"[' True', ' False']",mmpi,1,1,1
90,"I love my father, or (if your father is dead) I loved my father.",0,0,"[' True', ' False']",mmpi,1,1,1
91,"I have little or no trouble with my muscles twitching or jumping.",0,1,"[' True', ' False']",mmpi,1,1,1
92,"I don’t seem to care what happens to me.",1,0,"[' True', ' False']",mmpi,1,1,1
93,"Sometimes when I am not well I am irritable.",1,0,"[' True', ' False']",mmpi,1,1,1
94,"Much of the time I feel as if I have done something wrong or evil.",1,0,"[' True', ' False']",mmpi,1,1,1
95,"I am happy most of the time.",0,0,"[' True', ' False']",mmpi,1,1,1
96,"I see things or animals or people around me that others do not see.",1,0,"[' True', ' False']",mmpi,1,1,1
97,"There seems to be a fullness in my head or nose most of the time.",1,1,"[' True', ' False']",mmpi,1,1,1
98,"Some people are so bossy that I feel like doing the opposite of what they request, even though I know they are right.",1,0,"[' True', ' False']",mmpi,1,1,1
99,"Someone has it in for me.",1,0,"[' True', ' False']",mmpi,1,1,1
100,"I have never done anything dangerous just for the thrill of it.",1,0,"[' True', ' False']",mmpi,1,1,1
101,"Often I feel as if there is a tight band around my head.",1,1,"[' True', ' False']",mmpi,1,1,1
102,"I get angry sometimes.",1,0,"[' True', ' False']",mmpi,1,1,1
103,"I enjoy a race or game more when I bet on it.",1,0,"[' True', ' False']",mmpi,1,1,1
104,"Most people are honest chiefly because they are afraid of being caught.",1,0,"[' True', ' False']",mmpi,1,1,1
105,"In school I was sometimes sent to the principal for bad behavior.",1,1,"[' True', ' False']",mmpi,1,1,1
106,"My speech is the same as always (not faster or slower, no slurring or hoarseness).",0,0,"[' True', ' False']",mmpi,1,1,1
107,"My table manners are not quite as good at home as when I am out in company.",1,0,"[' True', ' False']",mmpi,1,1,1
108,"Anyone who is able and willing to work hard has a good chance of succeeding.",0,0,"[' True', ' False']",mmpi,1,1,1
109,"I seem to be about as capable and smart as most others around me.",0,0,"[' True', ' False']",mmpi,1,1,1
110,"Most people will use somewhat unfair means to gain profit or an advantage rather than to lose it.",1,0,"[' True', ' False']",mmpi,1,1,1
111,"I have a great deal of stomach trouble.",1,1,"[' True', ' False']",mmpi,1,1,1
112,"I like dramatics.",1,0,"[' True', ' False']",mmpi,1,1,1
113,"I know who is responsible for most of my troubles.",0,0,"[' True', ' False']",mmpi,1,1,1
114,"Sometimes I am so strongly attracted by the personal articles of others, such as shoes, gloves, etc., that I want to handle or steal them, even though I have no use for them.",1,1,"[' True', ' False']",mmpi,1,1,1
115,"The sight of blood does not frighten me or make me sick.",1,1,"[' True', ' False']",mmpi,1,1,1
116,"Often I can’t understand why I have been so irritable or grouchy.",0,0,"[' True', ' False']",mmpi,1,1,1
117,"I have never vomited blood or coughed up blood.",0,1,"[' True', ' False']",mmpi,1,1,1
118,"I do not worry about catching diseases.",1,1,"[' True', ' False']",mmpi,1,1,1
119,"I like collecting flowers or growing houseplants.",0,0,"[' True', ' False']",mmpi,1,1,1
120,"I frequently find it necessary to stand up for what I think is right.",0,0,"[' True', ' False']",mmpi,1,1,1
121,"I have never indulged in unusual sex practices.",1,1,"[' True', ' False']",mmpi,1,1,1
122,"At times my thoughts have raced ahead faster than I could speak them.",1,1,"[' True', ' False']",mmpi,1,1,1
123,"If I could get into the movies without paying and be sure I was not seen, I would probably do it.",1,1,"[' True', ' False']",mmpi,1,1,1
124,"I often wonder what hidden reason another person may have for doing something nice for me.",1,0,"[' True', ' False']",mmpi,1,1,1
125,"I believe that my home life is as pleasant as that of most people I know.",0,0,"[' True', ' False']",mmpi,1,1,1
126,"I believe in law enforcement.",0,0,"[' True', ' False']",mmpi,1,1,1
127,"Criticism or scolding hurts me terribly.",1,0,"[' True', ' False']",mmpi,1,1,1
128,"I like to cook.",0,1,"[' True', ' False']",mmpi,1,1,1
129,"My conduct is largely controlled by the behavior of those around me.",1,0,"[' True', ' False']",mmpi,1,1,1
130,"I certainly feel useless at times.",1,0,"[' True', ' False']",mmpi,1,1,1
131,"When I was a child, I belonged to a group of friends that tried to be loyal through all kinds of trouble.",1,0,"[' True', ' False']",mmpi,1,1,1
132,"I believe in life hereafter.",0,0,"[' True', ' False']",mmpi,1,1,1
133,"I would like to be a soldier.",1,0,"[' True', ' False']",mmpi,1,1,1
134,"At times I feel like picking a fistfight with someone.",1,1,"[' True', ' False']",mmpi,1,1,1
135,"I have often lost out on things because I couldn’t make my mind up soon enough.",1,0,"[' True', ' False']",mmpi,1,1,1
136,"It makes me impatient to have people ask my advice or otherwise interrupt me when I am working on something important.",1,0,"[' True', ' False']",mmpi,1,1,1
137,"I used to keep a diary.",0,0,"[' True', ' False']",mmpi,1,1,1
138,"I believe I am being plotted against.",1,0,"[' True', ' False']",mmpi,1,1,1
139,"I would rather win than lose in a game.",0,0,"[' True', ' False']",mmpi,1,1,1
140,"Most nights I go to sleep without thoughts or ideas bothering me.",0,1,"[' True', ' False']",mmpi,1,1,1
141,"During the past few years I have been well most of the time.",0,0,"[' True', ' False']",mmpi,1,1,1
142,"I have never had a fit or convulsion.",0,1,"[' True', ' False']",mmpi,1,1,1
143,"I am neither gaining nor losing weight.",0,1,"[' True', ' False']",mmpi,1,1,1
144,"I believe I am being followed.",1,1,"[' True', ' False']",mmpi,1,1,1
145,"I feel that I have often been punished without cause.",1,0,"[' True', ' False']",mmpi,1,1,1
146,"I cry easily.",1,0,"[' True', ' False']",mmpi,1,1,1
147,"I cannot understand what I read as often as I used to.",1,0,"[' True', ' False']",mmpi,1,1,1
148,"I have never felt better in my life than I do now.",1,0,"[' True', ' False']",mmpi,1,1,1
149,"The top of my head sometimes feels tender.",1,1,"[' True', ' False']",mmpi,1,1,1
150,"Sometimes I feel as if I must injure either myself or someone else.",1,1,"[' True', ' False']",mmpi,1,1,1
151,"I resent having anyone trick me so cleverly that I have to admit that I was fooled.",1,0,"[' True', ' False']",mmpi,1,1,1
152,"I do not tire quickly.",0,0,"[' True', ' False']",mmpi,1,1,1
153,"I like to know some important people because it makes me feel important.",1,0,"[' True', ' False']",mmpi,1,1,1
154,"I am afraid when I look down from a high place.",0,1,"[' True', ' False']",mmpi,1,1,1
155,"It wouldn’t make me nervous if any members of my family got into trouble with the law.",0,0,"[' True', ' False']",mmpi,1,1,1
156,"I am never happy unless I am roaming or traveling around.",1,0,"[' True', '
False']",mmpi,1,1,1
157,"What others think of me does not bother me.",1,0,"[' True', ' False']",mmpi,1,1,1
158,"It makes me uncomfortable to pull a stunt at a party even when others are doing the same sort of things.",0,1,"[' True', ' False']",mmpi,1,1,1
159,"I have never had a fainting spell.",0,1,"[' True', ' False']",mmpi,1,1,1
160,"I liked school.",0,1,"[' True', ' False']",mmpi,1,1,1
161,"I frequently have to fight against showing that I am bashful.",1,0,"[' True', ' False']",mmpi,1,1,1
162,"Someone has been trying to poison me.",1,1,"[' True', ' False']",mmpi,1,1,1
163,"I do not have a great fear of snakes.",1,0,"[' True', ' False']",mmpi,1,1,1
164,"I seldom or never have dizzy spells.",0,1,"[' True', ' False']",mmpi,1,1,1
165,"My memory seems to be all right.",0,0,"[' True', ' False']",mmpi,1,1,1
166,"I am worried about sex.",1,1,"[' True', ' False']",mmpi,1,1,1
167,"I find it hard to make small talk when I meet new people.",0,0,"[' True', '
False']",mmpi,1,1,1
168,"I have had periods in which I carried on activities without knowing later what I had been doing.",1,0,"[' True', ' False']",mmpi,1,1,1
169,"When I get bored I like to stir up some excitement.",0,0,"[' True', ' False']",mmpi,1,1,1
170,"I am afraid of losing my mind.",1,0,"[' True', ' False']",mmpi,1,1,1
171,"I am against giving money to beggars.",1,0,"[' True', ' False']",mmpi,1,1,1
172,"I frequently notice my hand shakes when I try to do something.",1,1,"[' True', ' False']",mmpi,1,1,1
173,"I can read a long while without tiring my eyes.",0,1,"[' True', ' False']",mmpi,1,1,1
174,"I like to study and read about things that I am working at.",0,0,"[' True', ' False']",mmpi,1,1,1
175,"I feel weak all over much of the time.",1,1,"[' True', ' False']",mmpi,1,1,1
176,"I have very few headaches.",0,1,"[' True', ' False']",mmpi,1,1,1
177,"My hands have not become clumsy or awkward.",0,1,"[' True', ' False']",mmpi,1,1,1
178,"Sometimes, when embarrassed, I break out in a sweat, which annoys me greatly.",1,1,"[' True', ' False']",mmpi,1,1,1
179,"I have had no difficulty in keeping my balance while walking.",0,1,"[' True', ' False']",mmpi,1,1,1
180,"There is something wrong with my mind.",1,0,"[' True', ' False']",mmpi,1,1,1
181,"I do not have spells of hay fever or asthma.",0,1,"[' True', ' False']",mmpi,1,1,1
182,"I have had attacks in which I could not control my movements or speech, but in which I knew what was going on around me.",1,1,"[' True', ' False']",mmpi,1,1,1
183,"I do not like everyone I know.",0,0,"[' True', ' False']",mmpi,1,1,1
184,"I daydream very little.",0,0,"[' True', ' False']",mmpi,1,1,1
185,"I wish I were not so shy.",1,0,"[' True', ' False']",mmpi,1,1,1
186,"I am not afraid to handle money.",0,1,"[' True', ' False']",mmpi,1,1,1
187,"If I were a reporter, I would very much like to report news of the theater.",0,0,"[' True', ' False']",mmpi,1,1,1
188,"I enjoy many different kinds of play and recreation.",0,1,"[' True', ' False']",mmpi,1,1,1
189,"I like to flirt.",0,0,"[' True', ' False']",mmpi,1,1,1
190,"Many people treat me more like a child than a grown-up.",1,0,"[' True', ' False']",mmpi,1,1,1
191,"I would like to be a journalist.",0,0,"[' True', ' False']",mmpi,1,1,1
192,"My mother is a good woman, or (if your mother is dead) my mother was a good woman.",0,0,"[' True', ' False']",mmpi,1,1,1
193,"In walking, I am very careful to step over sidewalk cracks.",1,1,"[' True', ' False']",mmpi,1,1,1
194,"I have never had any breaking out on my skin that has worried me.",0,1,"[' True', ' False']",mmpi,1,1,1
195,"There is very little love and companionship in my family as compared to other homes.",1,0,"[' True', ' False']",mmpi,1,1,1
196,"I frequently find myself worrying about something.",1,0,"[' True', ' False']",mmpi,1,1,1
197,"I think I would like the work of a building contractor.",0,1,"[' True', ' False']",mmpi,1,1,1
198,"I often hear voices without knowing where they come from.",1,0,"[' True', '
False']",mmpi,1,1,1
199,"I like science.",0,0,"[' True', ' False']",mmpi,1,1,1
200,"It is not hard for me to ask for help from my friends even though I cannot return the favor.",1,0,"[' True', ' False']",mmpi,1,1,1
201,"I very much like hunting.",1,1,"[' True', ' False']",mmpi,1,1,1
202,"My parents often objected to the kind of people I went around with.",1,1,"[' True', ' False']",mmpi,1,1,1
203,"I gossip a little at times.",1,0,"[' True', ' False']",mmpi,1,1,1
204,"My hearing is apparently as good as that of most people.",0,1,"[' True', ' False']",mmpi,1,1,1
205,"Some members of my family have habits that bother and annoy me very much.",1,1,"[' True', ' False']",mmpi,1,1,1
206,"At times I feel that I can make up my mind with unusually great ease.",1,0,"[' True', ' False']",mmpi,1,1,1
207,"I would like to belong to several clubs.",0,0,"[' True', ' False']",mmpi,1,1,1
208,"I hardly ever notice my heart pounding and I am seldom short of breath.",0,1,"[' True', ' False']",mmpi,1,1,1
209,"I like to talk about sex.",1,0,"[' True', ' False']",mmpi,1,1,1
210,"I like to visit places where I have never been before.",0,1,"[' True', ' False']",mmpi,1,1,1
211,"I have been inspired to a program of life based on duty which I have since carefully followed.",0,0,"[' True', ' False']",mmpi,1,1,1
212,"I have, at times stood in the way of people who were trying to do something, not because it amounted to much, but because of the principle of the thing.",1,0,"[' True', ' False']",mmpi,1,1,1
213,"I get mad easily and then get over it soon.",1,0,"[' True', ' False']",mmpi,1,1,1
214,"I have been quite independent and free from family rule.",1,0,"[' True', ' False']",mmpi,1,1,1
215,"I brood a great deal.",1,0,"[' True', ' False']",mmpi,1,1,1
216,"Someone has been trying to rob me.",1,0,"[' True', ' False']",mmpi,1,1,1
217,"My relatives are nearly all in sympathy with me.",0,1,"[' True', ' False']",mmpi,1,1,1
218,"I have periods of such great restlessness that I cannot sit long in a chair.",0,1,"[' True', ' False']",mmpi,1,1,1
219,"I have been disappointed in love.",0,0,"[' True', ' False']",mmpi,1,1,1
220,"I never worry about my looks.",1,1,"[' True', ' False']",mmpi,1,1,1
221,"I dream frequently about things that are best kept to myself.",1,0,"[' True', ' False']",mmpi,1,1,1
222,"Children should be taught all the main facts of sex.",1,0,"[' True', ' False']",mmpi,1,1,1
223,"I believe I am no more nervous that most others.",0,0,"[' True', ' False']",mmpi,1,1,1
224,"I have few or no pains.",0,1,"[' True', ' False']",mmpi,1,1,1
225,"My way of doing things is apt to be misunderstood by others.",1,0,"[' True', ' False']",mmpi,1,1,1
226,"Sometimes without any reason or even when things are going wrong, I feel excitedly happy or “on top of the world”.",1,0,"[' True', ' False']",mmpi,1,1,1
227,"I don’t blame people for trying to grab everything they can get in this world.",1,0,"[' True', ' False']",mmpi,1,1,1
228,"There are persons who are trying to steal my thoughts and ideas.",1,0,"[' True', ' False']",mmpi,1,1,1
229,"I have had blank spells in which my activities were interrupted and I did not know what was going on around me.",1,0,"[' True', ' False']",mmpi,1,1,1
230,"I can be friendly with people who do things that I consider wrong.",1,0,"[' True', ' False']",mmpi,1,1,1
231,"I like to be with a crowd who play jokes on one another.",1,0,"[' True', ' False']",mmpi,1,1,1
232,"Sometimes in elections, I vote for people about whom I know very little.",0,0,"[' True', ' False']",mmpi,1,1,1
233,"I have difficulty in starting to do things.",1,0,"[' True', ' False']",mmpi,1,1,1
234,"I believe I am a condemned person.",1,0,"[' True', ' False']",mmpi,1,1,1
235,"I was a slow learner in school.",1,0,"[' True', ' False']",mmpi,1,1,1
236,"If I were an artist, I would like to draw flowers.",0,0,"[' True', ' False']",mmpi,1,1,1
237,"It does not bother me that I am not better looking.",1,1,"[' True', ' False']",mmpi,1,1,1
238,"I sweat very easily, even on cool days.",1,1,"[' True', ' False']",mmpi,1,1,1
239,"I’m entirely self-confident.",1,0,"[' True', ' False']",mmpi,1,1,1
240,"At times it has been impossible for me to stop from stealing or shoplifting something.",1,0,"[' True', ' False']",mmpi,1,1,1
241,"It is safer to trust nobody.",1,0,"[' True', ' False']",mmpi,1,1,1
242,"Once a week or more, I become very excited.",0,0,"[' True', ' False']",mmpi,1,1,1
243,"When in a group of people, I have trouble thinking of the right thing to say.",0,0,"[' True', ' False']",mmpi,1,1,1
244,"Something exciting will almost always pull me out of it when I am feeling low.",0,0,"[' True', ' False']",mmpi,1,1,1
245,"When I leave home, I do not worry about whether the door is locked and the windows are closed.",0,0,"[' True', ' False']",mmpi,1,1,1
246,"I believe my sins are unpardonable.",1,0,"[' True', ' False']",mmpi,1,1,1
247,"I have numbness in one or more places on my skin.",1,1,"[' True', ' False']",mmpi,1,1,1
248,"I do not blame a person for taking advantage of people who leave themselves open to it.",1,0,"[' True', ' False']",mmpi,1,1,1
249,"My eyesight is as good as it has been for years.",0,1,"[' True', ' False']",mmpi,1,1,1
250,"At times I have been so entertained by the cleverness of some criminals that I have hopes they would get away with it.",1,0,"[' True', ' False']",mmpi,1,1,1
251,"I have often felt that strangers were looking at me critically.",1,1,"[' True', ' False']",mmpi,1,1,1
252,"Everything tastes the same.",1,0,"[' True', ' False']",mmpi,1,1,1
253,"I drink an unusually large amount of water every day.",1,0,"[' True', ' False']",mmpi,1,1,1
254,"Most people make friends because friends are likely to be useful to them.",1,0,"[' True', ' False']",mmpi,1,1,1
255,"I do not often notice my ears ringing or buzzing.",0,1,"[' True', ' False']",mmpi,1,1,1
256,"Once in a while I feel hate toward members of my family whom I usually love.",0,0,"[' True', ' False']",mmpi,1,1,1
257,"If I were a reporter I would very much like to report sporting news.",0,0,"[' True', ' False']",mmpi,1,1,1
258,"I can sleep during the day, but not at night.",1,0,"[' True', ' False']",mmpi,1,1,1
259,"I am sure I am being talked about.",1,0,"[' True', ' False']",mmpi,1,1,1
260,"Once in a while, I laugh at a dirty joke.",0,0,"[' True', ' False']",mmpi,1,1,1
261,"I have very few fears compared to my friends.",1,0,"[' True', ' False']",mmpi,1,1,1
262,"In a group of people, I would not be embarrassed to be called upon to start a discussion or give an opinion about something I know well.",0,0,"[' True', ' False']",mmpi,1,1,1
263,"I am always disgusted with the law when a criminal is freed through the arguments of a smart lawyer.",0,0,"[' True', ' False']",mmpi,1,1,1
264,"I have used alcohol excessively.",0,1,"[' True', ' False']",mmpi,1,1,1
265,"I am likely not to speak to people until they speak to me.",0,0,"[' True', '
False']",mmpi,1,1,1
266,"I have never been in trouble with the law.",0,0,"[' True', ' False']",mmpi,1,1,1
267,"I have periods in which I feel unusually cheerful without any special reason.",0,0,"[' True', ' False']",mmpi,1,1,1
268,"I wish I were not bothered by thoughts about sex.",1,0,"[' True', ' False']",mmpi,1,1,1
269,"If several people find themselves in trouble, the best thing for them to do is agree upon a story and stick to it.",1,0,"[' True', ' False']",mmpi,1,1,1
270,"It does not bother me particularly to see animals suffer.",1,0,"[' True', '
False']",mmpi,1,1,1
271,"I think that I feel more intensely than most people do.",1,0,"[' True', ' False']",mmpi,1,1,1
272,"There was never a time in my life when I liked to play with dolls.",1,0,"[' True', ' False']",mmpi,1,1,1
273,"Life is a strain for me much of the time.",1,0,"[' True', ' False']",mmpi,1,1,1
274,"I am so touchy on some subjects that I can’t talk about them.",1,0,"[' True', ' False']",mmpi,1,1,1
275,"In school I found it very hard to talk in front of the class.",1,0,"[' True', ' False']",mmpi,1,1,1
276,"I love my mother, or (if your mother is dead) I loved my mother.",0,0,"[' True', ' False']",mmpi,1,1,1
277,"Even when I am with people I feel lonely much of the time.",1,0,"[' True', '
False']",mmpi,1,1,1
278,"I get all the sympathy I should.",0,0,"[' True', ' False']",mmpi,1,1,1
279,"I refuse to play some games because I am not good at them.",1,0,"[' True', '
False']",mmpi,1,1,1
280,"I seem to make friends about as quickly as others do.",0,0,"[' True', ' False']",mmpi,1,1,1
281,"I dislike having people around me.",1,0,"[' True', ' False']",mmpi,1,1,1
282,"I have been told that I walk during sleep.",1,1,"[' True', ' False']",mmpi,1,1,1
283,"The person who provides temptation by leaving valuable property unprotected is about as much to blame for its theft as the one who steals it.",1,0,"[' True', ' False']",mmpi,1,1,1
284,"I think nearly anyone would tell a lie to keep out of trouble.",1,0,"[' True', ' False']",mmpi,1,1,1
285,"I am more sensitive than most people.",1,0,"[' True', ' False']",mmpi,1,1,1
286,"Most people inwardly dislike putting themselves out to help other people.",1,0,"[' True', ' False']",mmpi,1,1,1
287,"Many of my dreams are about sex.",1,1,"[' True', ' False']",mmpi,1,1,1
288,"My parents and family find more fault with me than they should.",1,0,"[' True', ' False']",mmpi,1,1,1
289,"I am easily embarrassed.",1,0,"[' True', ' False']",mmpi,1,1,1
290,"I worry over money and business.",0,0,"[' True', ' False']",mmpi,1,1,1
291,"I have never been in love with anyone.",1,0,"[' True', ' False']",mmpi,1,1,1
292,"The things that some of my family have done have frightened me.",1,0,"[' True', ' False']",mmpi,1,1,1
293,"I almost never dream.",0,0,"[' True', ' False']",mmpi,1,1,1
294,"My neck spots with red often.",1,1,"[' True', ' False']",mmpi,1,1,1
295,"I have never been paralyzed or had any unusual weakness of any of my muscles.",0,1,"[' True', ' False']",mmpi,1,1,1
296,"Sometimes my voice leaves me or changes even though I have no cold.",1,1,"[' True', ' False']",mmpi,1,1,1
297,"My mother or father often made me obey even when I thought it was unreasonable.",0,1,"[' True', ' False']",mmpi,1,1,1
298,"Peculiar odors come to me at times.",1,1,"[' True', ' False']",mmpi,1,1,1
299,"I cannot keep my mind on one thing.",1,0,"[' True', ' False']",mmpi,1,1,1
300,"I have reason for feeling jealous of one or more members of my family.",1,0,"[' True', ' False']",mmpi,1,1,1
301,"I feel anxiety about something or someone almost all the time.",1,0,"[' True', ' False']",mmpi,1,1,1
302,"I easily become impatient with people.",1,0,"[' True', ' False']",mmpi,1,1,1
303,"Most of the time I wish I were dead.",1,0,"[' True', ' False']",mmpi,1,1,1
304,"Sometimes I become so excited that I find it hard to get to sleep.",0,0,"[' True', ' False']",mmpi,1,1,1
305,"I have certainly had more than my share of things to worry about.",1,0,"[' True', ' False']",mmpi,1,1,1
306,"No one cares much about what happens to you.",1,0,"[' True', ' False']",mmpi,1,1,1
307,"At times I hear so well that it bothers me.",1,0,"[' True', ' False']",mmpi,1,1,1
308,"I forget right away what people say to me.",1,0,"[' True', ' False']",mmpi,1,1,1
309,"I usually have to stop and think before I act, even in small matters.",1,0,"[' True', ' False']",mmpi,1,1,1
310,"Often I cross the street in order not to meet someone I see.",1,1,"[' True', ' False']",mmpi,1,1,1
311,"I often feel as if things are not real.",1,0,"[' True', ' False']",mmpi,1,1,1
312,"The only interesting part of newspapers is the comic strips.",0,0,"[' True', ' False']",mmpi,1,1,1
313,"I have a habit of counting things that are not important, such as bulbs on electric signs and so forth.",1,0,"[' True', ' False']",mmpi,1,1,1
314,"I have no enemies who really wish to harm me.",0,0,"[' True', ' False']",mmpi,1,1,1
315,"I tend to be on my guard with people who are somewhat friendlier than I had expected.",1,0,"[' True', ' False']",mmpi,1,1,1
316,"I have strange and peculiar thoughts.",1,0,"[' True', ' False']",mmpi,1,1,1
317,"I get anxious and upset when I have to make a short trip away from home.",1,1,"[' True', ' False']",mmpi,1,1,1
318,"I usually expect to succeed in things I do.",0,0,"[' True', ' False']",mmpi,1,1,1
319,"I hear strange things when I am alone.",1,0,"[' True', ' False']",mmpi,1,1,1
320,"I have been afraid of things or people that I knew could not hurt me.",1,0,"[' True', ' False']",mmpi,1,1,1
321,"I have no dread of going into a room by myself where other people have already gathered and are talking.",1,1,"[' True', ' False']",mmpi,1,1,1
322,"I am afraid of a knife or anything very sharp or pointed.",0,1,"[' True', '
False']",mmpi,1,1,1
323,"Sometimes I enjoy hurting persons I love.",1,0,"[' True', ' False']",mmpi,1,1,1
324,"I can easily make other people afraid of me, and sometimes do it for the fun of it.",1,0,"[' True', ' False']",mmpi,1,1,1
325,"I have more trouble concentrating than others seem to have.",1,0,"[' True', ' False']",mmpi,1,1,1
326,"I have several times given up doing a thing because I thought too little of my ability.",1,0,"[' True', ' False']",mmpi,1,1,1
327,"Bad words, often terrible words, come into my mind and I cannot get rid of them.",1,0,"[' True', ' False']",mmpi,1,1,1
328,"Sometimes some unimportant thought will run through my mind and bother me for days.",1,0,"[' True', ' False']",mmpi,1,1,1
329,"Almost every day something happens to frighten me.",1,0,"[' True', ' False']",mmpi,1,1,1
330,"At times I am all full of energy.",0,0,"[' True', ' False']",mmpi,1,1,1
331,"I am inclined to take things hard.",1,0,"[' True', ' False']",mmpi,1,1,1
332,"At times I have enjoyed being hurt by someone I loved.",1,0,"[' True', ' False']",mmpi,1,1,1
333,"People say insulting and vulgar things about me.",1,0,"[' True', ' False']",mmpi,1,1,1
334,"I feel uneasy indoors.",1,0,"[' True', ' False']",mmpi,1,1,1
335,"I am not usually self-conscious.",0,0,"[' True', ' False']",mmpi,1,1,1
336,"Someone has control over my mind.",1,0,"[' True', ' False']",mmpi,1,1,1
337,"At parties I am more likely to sit by myself or with just one other person than to join in with the crowd.",1,1,"[' True', ' False']",mmpi,1,1,1
338,"People often disappoint me.",1,0,"[' True', ' False']",mmpi,1,1,1
339,"I have sometimes felt that difficulties were piling up so high that I could not overcome them.",1,0,"[' True', ' False']",mmpi,1,1,1
340,"I love to go to dances.",0,1,"[' True', ' False']",mmpi,1,1,1
341,"At periods, my mind seems to work more slowly than usual.",1,0,"[' True', '
False']",mmpi,1,1,1
342,"While in trains, busses, etc., I often talk with strangers.",0,1,"[' True', ' False']",mmpi,1,1,1
343,"I enjoy children.",0,0,"[' True', ' False']",mmpi,1,1,1
344,"I enjoy gambling for small stakes.",0,0,"[' True', ' False']",mmpi,1,1,1
345,"If given the chance, I could do some things that would be of great benefit to the world.",1,0,"[' True', ' False']",mmpi,1,1,1
346,"I have often met people who were supposed to be experts who were no better than I.",1,0,"[' True', ' False']",mmpi,1,1,1
347,"It makes me feel like a failure when I hear of the success of someone I know well.",0,0,"[' True', ' False']",mmpi,1,1,1
348,"I often “I wish I were a child again.” Choice:",1,0,"[' True', ' False']",mmpi,1,1,1
349,"I am never happier than when alone.",1,0,"[' True', ' False']",mmpi,1,1,1
350,"If given the chance I would make a good leader of people.",0,0,"[' True', '
False']",mmpi,1,1,1
351,"I am embarrassed by dirty stories.",0,0,"[' True', ' False']",mmpi,1,1,1
352,"People generally demand more respect for their own rights than they are willing to allow for others.",1,0,"[' True', ' False']",mmpi,1,1,1
353,"I enjoy social gatherings just to be with people.",0,0,"[' True', ' False']",mmpi,1,1,1
354,"I try to remember good stories to pass them on to other people.",0,0,"[' True', ' False']",mmpi,1,1,1
355,"At one or more times in my life I felt that someone was making me do things by hypnotizing me.",1,0,"[' True', ' False']",mmpi,1,1,1
356,"I find it hard to set aside a task that I have undertaken, even for a short time.",1,0,"[' True', ' False']",mmpi,1,1,1
357,"I am quite often not in on the gossip and talk of the group that I belong to.",0,0,"[' True', ' False']",mmpi,1,1,1
358,"I have often found people jealous of my good ideas, just because they had not thought of them first.",1,0,"[' True', ' False']",mmpi,1,1,1
359,"I enjoy the excitement of a crowd.",0,0,"[' True', ' False']",mmpi,1,1,1
360,"I do not mind meeting strangers.",0,0,"[' True', ' False']",mmpi,1,1,1
361,"Someone has been trying to influence my mind.",1,0,"[' True', ' False']",mmpi,1,1,1
362,"I can remember “playing sick” to get out of something.",1,1,"[' True', ' False']",mmpi,1,1,1
363,"My worries seem to disappear when I get into a crowd of lively friends.",0,0,"[' True', ' False']",mmpi,1,1,1
364,"I feel like giving up quickly when things go wrong.",1,0,"[' True', ' False']",mmpi,1,1,1
365,"I like to let people know where I stand on things.",0,0,"[' True', ' False']",mmpi,1,1,1
366,"I have had periods when I felt so full of pep that sleep did not seem necessary for days at a time.",1,1,"[' True', ' False']",mmpi,1,1,1
367,"Whenever possible I avoid being in a crowd.",1,0,"[' True', ' False']",mmpi,1,1,1
368,"I shrink from facing a crisis or difficulty.",1,0,"[' True', ' False']",mmpi,1,1,1
369,"I am apt to pass up something I want to do when others feel that it isn’t worth doing.",0,0,"[' True', ' False']",mmpi,1,1,1
370,"I like parties and socials.",0,0,"[' True', ' False']",mmpi,1,1,1
371,"I have often wished I were a member of the opposite sex.",1,0,"[' True', ' False']",mmpi,1,1,1
372,"I am not easily angered.",0,0,"[' True', ' False']",mmpi,1,1,1
373,"I have done some bad things in the past that I never tell anybody about.",1,0,"[' True', ' False']",mmpi,1,1,1
374,"Most people will use somewhat unfair means to get ahead in life.",1,0,"[' True', ' False']",mmpi,1,1,1
375,"It makes me nervous when people ask me personal questions.",1,0,"[' True', '
False']",mmpi,1,1,1
376,"I do not feel I can plan my own future.",1,0,"[' True', ' False']",mmpi,1,1,1
377,"I am not happy with myself the way I am.",1,0,"[' True', ' False']",mmpi,1,1,1
378,"I get angry when my friends or family give me advice on how to live my life.",1,0,"[' True', ' False']",mmpi,1,1,1
379,"I got many beatings when I was a child.",1,1,"[' True', ' False']",mmpi,1,1,1
380,"It bothers me when people say nice things about me.",1,0,"[' True', ' False']",mmpi,1,1,1
381,"I don’t like hearing other people give their opinions about life.",1,0,"[' True', ' False']",mmpi,1,1,1
382,"I often have serious disagreements with people who are close to me.",1,0,"[' True', ' False']",mmpi,1,1,1
383,"When things get really bad, I know I can count on my family for help.",0,0,"[' True', ' False']",mmpi,1,1,1
384,"I liked playing “house” when I was a child.",0,1,"[' True', ' False']",mmpi,1,1,1
385,"I am not afraid of fire.",1,1,"[' True', ' False']",mmpi,1,1,1
386,"I have sometimes stayed away from another person because I feared doing or saying something I might regret afterwards.",1,1,"[' True', ' False']",mmpi,1,1,1
387,"I can express my true feelings only when I drink.",1,1,"[' True', ' False']",mmpi,1,1,1
388,"I very seldom have spells of the blues.",0,0,"[' True', ' False']",mmpi,1,1,1
389,"I am often said to be hotheaded.",1,0,"[' True', ' False']",mmpi,1,1,1
390,"I wish I could get over worrying about things I have said that may have injured other people’s feelings.",1,0,"[' True', ' False']",mmpi,1,1,1
391,"I feel unable to tell anyone all about myself.",1,0,"[' True', ' False']",mmpi,1,1,1
392,"Lightning is one of my fears.",1,0,"[' True', ' False']",mmpi,1,1,1
393,"I like to keep people guessing what I am going to do next.",1,0,"[' True', '
False']",mmpi,1,1,1
394,"My plans have frequently seemed so full of difficulties that I have had to give them up.",1,0,"[' True', ' False']",mmpi,1,1,1
395,"I am afraid to be alone in the dark.",1,1,"[' True', ' False']",mmpi,1,1,1
396,"I have often felt bad about being misunderstood when trying to keep someone from making a mistake.",0,0,"[' True', ' False']",mmpi,1,1,1
397,"A windstorm frightens me.",1,1,"[' True', ' False']",mmpi,1,1,1
398,"I frequently ask people for advice.",1,0,"[' True', ' False']",mmpi,1,1,1
399,"The future is too uncertain for a person to make serious plans.",1,0,"[' True', ' False']",mmpi,1,1,1
400,"Often, even though everything is going fine for me, I feel that I don’t care about anything.",1,0,"[' True', ' False']",mmpi,1,1,1
401,"I have no fear of water.",0,1,"[' True', ' False']",mmpi,1,1,1
402,"I often must sleep over a matter before I decide what to do.",0,1,"[' True', ' False']",mmpi,1,1,1
403,"People have often misunderstood my intentions when I was trying to put them right and be helpful.",0,0,"[' True', ' False']",mmpi,1,1,1
404,"I have no trouble swallowing.",0,1,"[' True', ' False']",mmpi,1,1,1
405,"I am usually calm and not easily upset.",0,0,"[' True', ' False']",mmpi,1,1,1
406,"I would certainly enjoy beating criminals at their own game.",1,0,"[' True', ' False']",mmpi,1,1,1
407,"I deserve severe punishment for my sins.",1,0,"[' True', ' False']",mmpi,1,1,1
408,"I am apt to take disappointments so keenly that I can’t put them out of my mind.",1,0,"[' True', ' False']",mmpi,1,1,1
409,"It bothers me to have someone watch me at work even though I know I can do it well.",0,1,"[' True', ' False']",mmpi,1,1,1
410,"I am often so annoyed when someone tries to get ahead of me in a line of people that I speak to that person about it.",0,1,"[' True', ' False']",mmpi,1,1,1
411,"At times I think I am no good at all.",0,0,"[' True', ' False']",mmpi,1,1,1
412,"When I was young I often did not go to school even when I should have gone.",1,1,"[' True', ' False']",mmpi,1,1,1
413,"One or more members of my family are very nervous.",1,1,"[' True', ' False']",mmpi,1,1,1
414,"I have at times had to be rough with people who were rude or annoying.",1,0,"[' True', ' False']",mmpi,1,1,1
415,"I worry quite a bit over possible misfortunes.",1,0,"[' True', ' False']",mmpi,1,1,1
416,"I have strong political opinions.",1,0,"[' True', ' False']",mmpi,1,1,1
417,"I would like to be an auto racer.",0,1,"[' True', ' False']",mmpi,1,1,1
418,"It is all right to get around the law if you don’t actually break it.",1,0,"[' True', ' False']",mmpi,1,1,1
419,"There are certain people whom I dislike so much that I am inwardly pleased when they are catching it for something that they have done.",1,0,"[' True', ' False']",mmpi,1,1,1
420,"It makes me nervous to have to wait.",1,0,"[' True', ' False']",mmpi,1,1,1
421,"I am apt to pass up something I want to do because others feel that I am not going about it in the right way.",0,0,"[' True', ' False']",mmpi,1,1,1
422,"I was fond of excitement when I was young.",0,1,"[' True', ' False']",mmpi,1,1,1
423,"I am often inclined to go out of my way to win a point with someone who has opposed me.",1,0,"[' True', ' False']",mmpi,1,1,1
424,"I am bothered by people outside, on the streets, in stores, etc., watching me.",1,1,"[' True', ' False']",mmpi,1,1,1
425,"The man who had most to do with me when I was a child (such as my father, stepfather, etc.) was very strict with me.",1,0,"[' True', ' False']",mmpi,1,1,1
426,"I used to like to play hopscotch and jump rope.",0,1,"[' True', ' False']",mmpi,1,1,1
427,"I have never seen a vision.",0,0,"[' True', ' False']",mmpi,1,1,1
428,"I have several times had a change of heart about my lifework.",1,0,"[' True', ' False']",mmpi,1,1,1
429,"Except by doctor’s orders I never take drugs or sleeping pills.",0,1,"[' True', ' False']",mmpi,1,1,1
430,"I am often sorry because I am so irritable and grouchy.",1,0,"[' True', ' False']",mmpi,1,1,1
431,"In school my marks in classroom behavior were quite regularly bad.",1,0,"[' True', ' False']",mmpi,1,1,1
432,"I am fascinated by fire.",1,0,"[' True', ' False']",mmpi,1,1,1
433,"When I am cornered I tell that portion of the truth which is not likely to hurt me.",1,0,"[' True', ' False']",mmpi,1,1,1
434,"If I were in trouble with several friends who were as guilty as I was, I would rather take the whole blame than give them away.",0,0,"[' True', ' False']",mmpi,1,1,1
435,"I am often afraid of the dark.",1,1,"[' True', ' False']",mmpi,1,1,1
436,"When a man is with a woman he is usually thinking about things related to her sex.",1,0,"[' True', ' False']",mmpi,1,1,1
437,"I am usually very direct with people I am trying to correct or improve.",1,0,"[' True', ' False']",mmpi,1,1,1
438,"I dread the thought of an earthquake.",1,1,"[' True', ' False']",mmpi,1,1,1
439,"I readily become one hundred percent sold on a good idea.",1,0,"[' True', '
False']",mmpi,1,1,1
440,"I usually work things out for myself rather than get someone to show me how.",1,0,"[' True', ' False']",mmpi,1,1,1
441,"I am afraid of finding myself in a closet or small closed space.",1,1,"[' True', ' False']",mmpi,1,1,1
442,"I must admit that I have at times been worried beyond reason over something that really did not matter.",1,0,"[' True', ' False']",mmpi,1,1,1
443,"I do not try to cover up my poor opinion or pity of people so that they won’t know how I feel.",0,0,"[' True', ' False']",mmpi,1,1,1
444,"I am a high-strung person.",0,0,"[' True', ' False']",mmpi,1,1,1
445,"I have frequently worked under people who seem to have things arranged so that they get credit for good work but are able to pass mistakes onto those under them.",1,0,"[' True', ' False']",mmpi,1,1,1
446,"I sometimes find it hard to stick up for my rights because I am so reserved.",1,0,"[' True', ' False']",mmpi,1,1,1
447,"Dirt frightens or disgusts me.",1,0,"[' True', ' False']",mmpi,1,1,1
448,"I have a daydream life about which I do not tell other people.",1,0,"[' True', ' False']",mmpi,1,1,1
449,"Some of my family members have quick tempers.",1,1,"[' True', ' False']",mmpi,1,1,1
450,"I cannot do anything well.",1,0,"[' True', ' False']",mmpi,1,1,1
451,"I often feel guilty because I pretend to feel more sorry about something than I really do.",1,0,"[' True', ' False']",mmpi,1,1,1
452,"I strongly defend my own opinions as a rule.",0,0,"[' True', ' False']",mmpi,1,1,1
453,"I have no fear of spiders.",0,0,"[' True', ' False']",mmpi,1,1,1
454,"The future seems hopeless to me.",1,0,"[' True', ' False']",mmpi,1,1,1
455,"The members of my family and my close relatives get along quite well.",0,1,"[' True', ' False']",mmpi,1,1,1
456,"I would like to wear expensive clothes.",0,1,"[' True', ' False']",mmpi,1,1,1
457,"People can pretty easily change my mind, even when I have made a decision about something.",1,0,"[' True', ' False']",mmpi,1,1,1
458,"I am made nervous by certain animals.",1,1,"[' True', ' False']",mmpi,1,1,1
459,"I can stand as much pain as others can.",0,1,"[' True', ' False']",mmpi,1,1,1
460,"Several times I have been the last to give up trying to do a thing.",1,0,"[' True', ' False']",mmpi,1,1,1
461,"It makes me angry to have people hurry me.",1,0,"[' True', ' False']",mmpi,1,1,1
462,"I am not afraid of mice.",0,0,"[' True', ' False']",mmpi,1,1,1
463,"Several times a week I feel as if something dreadful is about to happen.",1,0,"[' True', ' False']",mmpi,1,1,1
464,"I feel tired a good deal of the time.",1,0,"[' True', ' False']",mmpi,1,1,1
465,"I like repairing a door latch.",0,0,"[' True', ' False']",mmpi,1,1,1
466,"Sometimes I am sure that other people can tell what I am thinking.",1,0,"[' True', ' False']",mmpi,1,1,1
467,"I like to read about science.",0,0,"[' True', ' False']",mmpi,1,1,1
468,"I am afraid of being alone in a wide-open place.",1,1,"[' True', ' False']",mmpi,1,1,1
469,"I sometimes feel that I am about to go to pieces.",1,0,"[' True', ' False']",mmpi,1,1,1
470,"A large number of people are guilty of bad sexual conduct.",1,0,"[' True', '
False']",mmpi,1,1,1
471,"I have often been frightened in the middle of the night.",1,1,"[' True', ' False']",mmpi,1,1,1
472,"I am greatly bothered by forgetting where I put things.",1,0,"[' True', ' False']",mmpi,1,1,1
473,"The one to whom I was most attached and whom I most admired as a child was a woman (mother, sister, aunt, or other woman).",0,0,"[' True', ' False']",mmpi,1,1,1
474,"I like adventure stories better than romantic stories.",0,0,"[' True', ' False']",mmpi,1,1,1
475,"Often I get confused and forget what I want to say.",1,0,"[' True', ' False']",mmpi,1,1,1
476,"I am very awkward and clumsy.",1,1,"[' True', ' False']",mmpi,1,1,1
477,"I really like playing sports (such as soccer or football).",0,1,"[' True', '
False']",mmpi,1,1,1
478,"I hate my whole family.",1,0,"[' True', ' False']",mmpi,1,1,1
479,"Some people think it’s hard to get to know me.",1,0,"[' True', ' False']",mmpi,1,1,1
480,"I spend most of my spare time by myself.",0,0,"[' True', ' False']",mmpi,1,1,1
481,"When people do something that makes me angry, I let them know how I feel about it.",0,0,"[' True', ' False']",mmpi,1,1,1
482,"I usually have a hard time deciding what to do.",1,0,"[' True', ' False']",mmpi,1,1,1
483,"People do not find me attractive.",1,1,"[' True', ' False']",mmpi,1,1,1
484,"People are not very kind to me.",1,0,"[' True', ' False']",mmpi,1,1,1
485,"I often feel that I’m not as good as other people.",1,0,"[' True', ' False']",mmpi,1,1,1
486,"I am very stubborn.",1,0,"[' True', ' False']",mmpi,1,1,1
487,"I have enjoyed using marijuana.",1,1,"[' True', ' False']",mmpi,1,1,1
488,"Mental illness is a sign of weakness.",1,0,"[' True', ' False']",mmpi,1,1,1
489,"I have a drug or alcohol problem.",1,1,"[' True', ' False']",mmpi,1,1,1
490,"Ghost or spirits can influence people for good or bad.",1,0,"[' True', ' False']",mmpi,1,1,1
491,"I feel helpless when I have to make some important decisions.",1,0,"[' True', ' False']",mmpi,1,1,1
492,"I always try to be pleasant even when others are upset or critical.",0,0,"[' True', ' False']",mmpi,1,1,1
493,"When I have a problem it helps to talk it over with someone.",0,0,"[' True', ' False']",mmpi,1,1,1
494,"My main goals in life are within my reach.",0,0,"[' True', ' False']",mmpi,1,1,1
495,"I believe that people should keep personal problems to themselves.",1,0,"[' True', ' False']",mmpi,1,1,1
496,"I am not feeling much pressure or stress these days.",0,0,"[' True', ' False']",mmpi,1,1,1
497,"It bothers me greatly to think of making changes in my life.",1,0,"[' True', ' False']",mmpi,1,1,1
498,"My greatest problems are caused by the behavior of someone close to me.",1,0,"[' True', ' False']",mmpi,1,1,1
499,"I hate going to doctors, even when I’m sick.",1,0,"[' True', ' False']",mmpi,1,1,1
500,"Although I am not happy with my life, there is nothing I can do about it.",1,0,"[' True', ' False']",mmpi,1,1,1
501,"Talking over problems and worries with someone is often more helpful than taking drugs or medicine.",0,1,"[' True', ' False']",mmpi,1,1,1
502,"I have habits that are really harmful.",1,0,"[' True', ' False']",mmpi,1,1,1
503,"When problems need to be solved, I usually let other people take charge.",1,0,"[' True', ' False']",mmpi,1,1,1
504,"I recognize several faults in myself that I will not be able to change.",0,0,"[' True', ' False']",mmpi,1,1,1
505,"I am so sick of what I have to do every day that I just want to get out of it all.",1,0,"[' True', ' False']",mmpi,1,1,1
506,"I have recently considered killing myself.",1,0,"[' True', ' False']",mmpi,1,1,1
507,"I often become very irritable when people interrupt my work.",1,0,"[' True', ' False']",mmpi,1,1,1
508,"I often feel I can read other people’s minds.",1,0,"[' True', ' False']",mmpi,1,1,1
509,"Having to make important decisions makes me nervous.",0,0,"[' True', ' False']",mmpi,1,1,1
510,"Others tell me I eat too fast.",1,1,"[' True', ' False']",mmpi,1,1,1
511,"Once a week or more I get high or drunk.",1,1,"[' True', ' False']",mmpi,1,1,1
512,"I have had a tragic loss in my life that I know I will never get over.",1,0,"[' True', ' False']",mmpi,1,1,1
513,"Sometimes I get so angry and upset I don’t know what comes over me.",1,0,"[' True', ' False']",mmpi,1,1,1
514,"When people ask me to do something I have a hard time saying no.",1,0,"[' True', ' False']",mmpi,1,1,1
515,"I am never happier than when I am by myself.",1,0,"[' True', ' False']",mmpi,1,1,1
516,"My life is empty and meaningless.",1,0,"[' True', ' False']",mmpi,1,1,1
517,"I find it difficult to hold down a job.",1,0,"[' True', ' False']",mmpi,1,1,1
518,"I have made lots of bad mistakes in my life.",1,0,"[' True', ' False']",mmpi,1,1,1
519,"I get angry with myself for giving in to other people so much.",1,0,"[' True', ' False']",mmpi,1,1,1
520,"Lately I have thought a lot about killing myself.",1,0,"[' True', ' False']",mmpi,1,1,1
521,"I like making decisions and assigning jobs to others.",0,0,"[' True', ' False']",mmpi,1,1,1
522,"Even without my family I know there will always be someone there to take care of me.",0,0,"[' True', ' False']",mmpi,1,1,1
523,"At movies, restaurants, or sporting events, I hate to stand in line.",0,1,"[' True', ' False']",mmpi,1,1,1
524,"No one knows it but I have tried to kill myself.",1,0,"[' True', ' False']",mmpi,1,1,1
525,"Everything is going on too fast around me.",1,0,"[' True', ' False']",mmpi,1,1,1
526,"I know I am a burden to others.",1,0,"[' True', ' False']",mmpi,1,1,1
527,"After a bad day, I need a few drinks to relax.",1,1,"[' True', ' False']",mmpi,1,1,1
528,"Much of the trouble I’m having is due to bad luck.",1,0,"[' True', ' False']",mmpi,1,1,1
529,"At times I can’t seem to stop talking.",1,0,"[' True', ' False']",mmpi,1,1,1
530,"Sometimes I cut or injure myself on purpose without knowing why.",1,1,"[' True', ' False']",mmpi,1,1,1
531,"I work very long hours, even though my job doesn’t require this.",1,0,"[' True', ' False']",mmpi,1,1,1
532,"I usually feel better after a good cry.",0,0,"[' True', ' False']",mmpi,1,1,1
533,"I forget where I leave things.",1,0,"[' True', ' False']",mmpi,1,1,1
534,"If I could live my life over again, I would not change much.",0,0,"[' True', ' False']",mmpi,1,1,1
535,"I get very irritable when people I depend on don’t get their work done on time.",1,0,"[' True', ' False']",mmpi,1,1,1
536,"If I get upset, I’m sure to get a headache.",1,1,"[' True', ' False']",mmpi,1,1,1
537,"I like to drive a hard bargain.",1,0,"[' True', ' False']",mmpi,1,1,1
538,"Most men are unfaithful to their wives now and then.",1,0,"[' True', ' False']",mmpi,1,1,1
539,"Lately I have lost my desire to work out my problems.",1,0,"[' True', ' False']",mmpi,1,1,1
540,"I have gotten angry and broken furniture or dishes when I was drinking.",1,1,"[' True', ' False']",mmpi,1,1,1
541,"I work best when I have a definite deadline.",0,0,"[' True', ' False']",mmpi,1,1,1
542,"I have become so angry with someone that I have felt as if I would explode.",1,0,"[' True', ' False']",mmpi,1,1,1
543,"Terrible thoughts about my family come to me at times.",1,0,"[' True', ' False']",mmpi,1,1,1
544,"People tell me I have a problem with alcohol, but I disagree.",1,1,"[' True', ' False']",mmpi,1,1,1
545,"I always have too little time to get things done.",1,0,"[' True', ' False']",mmpi,1,1,1
546,"My thoughts these days turn more and more to death and the hereafter.",1,0,"[' True', ' False']",mmpi,1,1,1
547,"I often keep and save things that I will probably never use.",1,0,"[' True', ' False']",mmpi,1,1,1
548,"I have been so angry at times that I’ve hurt someone in a physical fight.",1,1,"[' True', ' False']",mmpi,1,1,1
549,"In everything I do lately, I feel that I am being tested.",1,0,"[' True', '
False']",mmpi,1,1,1
550,"I have very little to do with my relatives now.",1,1,"[' True', ' False']",mmpi,1,1,1
551,"I sometimes seem to hear my thoughts being spoken out loud.",1,0,"[' True', ' False']",mmpi,1,1,1
552,"When I am sad, visiting with friends can always pull me out of it.",0,0,"[' True', ' False']",mmpi,1,1,1
553,"Much of what is happening to me now seems to have happened to me before.",1,0,"[' True', ' False']",mmpi,1,1,1
554,"When my life gets difficult, it makes me want to just give up.",1,0,"[' True', ' False']",mmpi,1,1,1
555,"I can’t go into a dark room alone, even in my own home.",1,1,"[' True', ' False']",mmpi,1,1,1
556,"I worry a great deal over money.",1,0,"[' True', ' False']",mmpi,1,1,1
557,"The man should be the head of the family.",1,0,"[' True', ' False']",mmpi,1,1,1
558,"The only place where I feel relaxed is in my own home.",1,1,"[' True', ' False']",mmpi,1,1,1
559,"The people I work with are not sympathetic with my problems.",1,0,"[' True', ' False']",mmpi,1,1,1
560,"I am satisfied with the amount of money I make.",0,0,"[' True', ' False']",mmpi,1,1,1
561,"I usually have enough energy to do my work.",0,0,"[' True', ' False']",mmpi,1,1,1
562,"It is hard for me to accept compliments.",1,0,"[' True', ' False']",mmpi,1,1,1
563,"In most marriages one or both partners are unhappy.",1,0,"[' True', ' False']",mmpi,1,1,1
564,"I almost never lose self-control.",0,0,"[' True', ' False']",mmpi,1,1,1
565,"It takes a great deal of effort for me to remember what people tell me these days.",1,0,"[' True', ' False']",mmpi,1,1,1
566,"When I am sad or blue, it is my work that suffers.",0,0,"[' True', ' False']",mmpi,1,1,1
567,"Most married couples don’t show much affection for each other.",1,0,"[' True', ' False']",mmpi,1,1,1
